<manifest><control namespace="mdt" constructor="ViewSelector" version="1.2.1" display-name-key="View Selector" description-key="A dropdown field to allow the selection of a View associated with an entity" control-type="virtual" api-version="1.3.18"><property name="View" display-name-key="View" description-key="View" of-type="SingleLine.Text" usage="bound" required="true" /><property name="Entity" display-name-key="Entity" description-key="The Entity of the views you wish to select" of-type="SingleLine.Text" usage="input" required="true" /><resources><code path="bundle.js" order="1" /><platform-library name="React" version="16.14.0" /><platform-library name="Fluent" version="9.46.2" /></resources><feature-usage><uses-feature name="Utility" required="true" /></feature-usage><built-by name="pac" version="1.51.1" /></control></manifest>