<ImportExportXml xmlns:xsi="http://www.w3.org/2001/XMLSchema-instance" OrganizationVersion="9.2.26012.136" OrganizationSchemaType="Standard" CRMServerServiceabilityVersion="9.2.26013.00135">
  <Entities></Entities>
  <Roles></Roles>
  <Workflows></Workflows>
  <FieldSecurityProfiles></FieldSecurityProfiles>
  <Templates />
  <EntityMaps />
  <EntityRelationships />
  <OrganizationSettings />
  <optionsets />
  <CustomControls>
    <CustomControl>
      <Name>mdt_mdt.ChoiceAttributeSelector</Name>
      <FileName>/Controls/mdt_mdt.ChoiceAttributeSelector/ControlManifest.xml</FileName>
    </CustomControl>
    <CustomControl>
      <Name>mdt_mdt.RelatedAttributeSelector</Name>
      <FileName>/Controls/mdt_mdt.RelatedAttributeSelector/ControlManifest.xml</FileName>
    </CustomControl>
    <CustomControl>
      <Name>mdt_mdt.AttributeCollectionSelector</Name>
      <FileName>/Controls/mdt_mdt.AttributeCollectionSelector/ControlManifest.xml</FileName>
    </CustomControl>
    <CustomControl>
      <Name>mdt_mdt.FormSelector</Name>
      <FileName>/Controls/mdt_mdt.FormSelector/ControlManifest.xml</FileName>
    </CustomControl>
    <CustomControl>
      <Name>mdt_mdt.EntitySelector</Name>
      <FileName>/Controls/mdt_mdt.EntitySelector/ControlManifest.xml</FileName>
    </CustomControl>
    <CustomControl>
      <Name>mdt_mdt.LookupAttributeSelector</Name>
      <FileName>/Controls/mdt_mdt.LookupAttributeSelector/ControlManifest.xml</FileName>
    </CustomControl>
    <CustomControl>
      <Name>mdt_mdt.ViewSelector</Name>
      <FileName>/Controls/mdt_mdt.ViewSelector/ControlManifest.xml</FileName>
    </CustomControl>
    <CustomControl>
      <Name>mdt_mdt.AttributeSelector</Name>
      <FileName>/Controls/mdt_mdt.AttributeSelector/ControlManifest.xml</FileName>
    </CustomControl>
    <CustomControl>
      <Name>mdt_mdt.EntityCollectionSelector</Name>
      <FileName>/Controls/mdt_mdt.EntityCollectionSelector/ControlManifest.xml</FileName>
    </CustomControl>
  </CustomControls>
  <EntityDataProviders />
  <Languages>
    <Language>1033</Language>
  </Languages>
</ImportExportXml>