<manifest><control namespace="mdt" constructor="LookupAttributeSelector" version="1.0.2" display-name-key="Lookup Attribute Selector" description-key="A drop down control to choose a lookup attribute within the selected entity." control-type="virtual" api-version="1.3.18"><property name="Attribute" display-name-key="Lookup" description-key="Lookup (single)" of-type="SingleLine.Text" usage="bound" required="true" /><property name="Entity" display-name-key="Entity" description-key="The name or field Name of the Entity we are displaying the lookups of." of-type="SingleLine.Text" usage="input" required="true" /><resources><code path="bundle.js" order="1" /><platform-library name="React" version="16.14.0" /><platform-library name="Fluent" version="9.46.2" /></resources><feature-usage /><built-by name="pac" version="1.51.1" /></control></manifest>