<manifest><control namespace="mdt" constructor="AttributeSelector" version="2.0.2" display-name-key="Attribute Selector" description-key="A dropdown box to select an Attribute based on a particular entity" control-type="virtual" api-version="1.3.18"><property name="attributeName" display-name-key="Attribute" description-key="Attribute (single)" of-type="SingleLine.Text" usage="bound" required="true" /><property name="entityName" display-name-key="Entity" description-key="The name or field Name of the Entity we are displaying the attributes." of-type="SingleLine.Text" usage="input" required="true" /><resources><code path="bundle.js" order="1" /><platform-library name="React" version="16.14.0" /><platform-library name="Fluent" version="9.46.2" /></resources><feature-usage /><built-by name="pac" version="1.51.1" /></control></manifest>