<manifest><control namespace="mdt" constructor="RelatedAttributeSelector" version="1.0.3" display-name-key="Related Attribute Selector" description-key="A control to allow you to choose between multiple lookup attributes that connect to a particular entity" control-type="virtual" api-version="1.3.18"><property name="Attribute" display-name-key="Lookup" description-key="The name of the Lookup field that will be used." of-type="SingleLine.Text" usage="bound" required="true" /><property name="FormEntity" display-name-key="Form Entity" description-key="The name of the Entity this query will be displayed on" of-type="SingleLine.Text" usage="bound" required="true" /><property name="QueryEntity" display-name-key="Query Entity" description-key="The name of the Entity being queried" of-type="SingleLine.Text" usage="bound" required="true" /><resources><code path="bundle.js" order="1" /><platform-library name="React" version="16.14.0" /><platform-library name="Fluent" version="9.46.2" /></resources><feature-usage><uses-feature name="Utility" required="true" /></feature-usage><built-by name="pac" version="1.51.1" /></control></manifest>