<manifest><control namespace="mdt" constructor="FormSelector" version="1.0.3" display-name-key="Form Selector" description-key="A drop down control to allow the selection of a form associated with an entity" control-type="virtual" api-version="1.3.18"><property name="Form" display-name-key="Form" description-key="The form the Javascript will be added to" of-type="SingleLine.Text" usage="bound" required="true" /><property name="Entity" display-name-key="Entity" description-key="The Entity of the form you wish to select" of-type="SingleLine.Text" usage="input" required="true" /><resources><code path="bundle.js" order="1" /><platform-library name="React" version="16.14.0" /><platform-library name="Fluent" version="9.46.2" /></resources><feature-usage><uses-feature name="Utility" required="true" /></feature-usage><built-by name="pac" version="1.51.1" /></control></manifest>