<manifest><control namespace="mdt" constructor="ModelDrivenAppSelector" version="1.0.2" display-name-key="Model Driven App Selector" description-key="Model Driven App Selector virtual control" control-type="virtual" api-version="1.3.18"><external-service-usage enabled="false" /><property name="appId" display-name-key="App Unique Id" description-key="The unique identifier of the selected app" of-type="SingleLine.Text" usage="bound" required="true" /><property name="appName" display-name-key="App Name" description-key="The name of the selected app" of-type="SingleLine.Text" usage="bound" required="false" /><resources><code path="bundle.js" order="1" /><platform-library name="React" version="16.14.0" /><platform-library name="Fluent" version="9.46.2" /></resources><feature-usage><uses-feature name="Utility" required="true" /><uses-feature name="WebAPI" required="true" /></feature-usage><built-by name="pac" version="1.51.1" /></control></manifest>